{"cameraMode":{"drawMode":0,"name":"Shaded","section":"Shading Mode"},"sceneLighting":false,"audioPlay":false,"sceneViewState":{"m_AlwaysRefresh":false,"showFog":false,"showSkybox":false,"showFlares":false,"showImageEffects":false,"showParticleSystems":false,"showVisualEffectGraphs":true,"m_FxEnabled":true},"in2DMode":false,"pivot":{"x":0.0331997275352478,"y":0.5858553647994995,"z":0.09941036999225617},"rotation":{"x":0.0388302356004715,"y":-0.8121728301048279,"z":0.05441531911492348,"w":0.5795687437057495},"size":1.0321741104125977,"orthographic":true}