{"cameraMode":{"drawMode":0,"name":"Shaded","section":"Shading Mode"},"sceneLighting":false,"audioPlay":false,"sceneViewState":{"m_AlwaysRefresh":false,"showFog":false,"showSkybox":false,"showFlares":false,"showImageEffects":false,"showParticleSystems":false,"showVisualEffectGraphs":true,"m_FxEnabled":true},"in2DMode":false,"pivot":{"x":-0.0143890380859375,"y":0.8184290528297424,"z":0.018065929412841798},"rotation":{"x":0.019709374755620958,"y":-0.9733473062515259,"z":0.09166654199361801,"w":0.20929096639156342},"size":1.2875280380249024,"orthographic":true}